trial_idx,frame_idx,timestamp,x_px,y_px,inside
1,0,2025-10-29T05:16:43.538Z,,,0
1,1,2025-10-29T05:16:43.543Z,,,0
1,2,2025-10-29T05:16:43.559Z,,,0
1,3,2025-10-29T05:16:43.576Z,,,0
1,4,2025-10-29T05:16:43.593Z,,,0
1,5,2025-10-29T05:16:43.610Z,,,0
1,6,2025-10-29T05:16:43.626Z,,,0
1,7,2025-10-29T05:16:43.643Z,,,0
1,8,2025-10-29T05:16:43.659Z,,,0
1,9,2025-10-29T05:16:43.677Z,,,0
1,10,2025-10-29T05:16:43.693Z,,,0
1,11,2025-10-29T05:16:43.709Z,,,0
1,12,2025-10-29T05:16:43.726Z,,,0
1,13,2025-10-29T05:16:43.743Z,,,0
1,14,2025-10-29T05:16:43.760Z,,,0
1,15,2025-10-29T05:16:43.776Z,,,0
1,16,2025-10-29T05:16:43.793Z,,,0
1,17,2025-10-29T05:16:43.810Z,,,0
1,18,2025-10-29T05:16:43.826Z,,,0
1,19,2025-10-29T05:16:43.843Z,,,0
1,20,2025-10-29T05:16:43.859Z,,,0
1,21,2025-10-29T05:16:43.877Z,,,0
1,22,2025-10-29T05:16:43.893Z,,,0
1,23,2025-10-29T05:16:43.909Z,,,0
1,24,2025-10-29T05:16:43.926Z,,,0
1,25,2025-10-29T05:16:43.943Z,,,0
1,26,2025-10-29T05:16:43.960Z,,,0
1,27,2025-10-29T05:16:43.976Z,,,0
1,28,2025-10-29T05:16:43.993Z,,,0
1,29,2025-10-29T05:16:44.010Z,,,0
1,30,2025-10-29T05:16:44.027Z,,,0
1,31,2025-10-29T05:16:44.043Z,,,0
1,32,2025-10-29T05:16:44.060Z,,,0
1,33,2025-10-29T05:16:44.077Z,1273,21,0
1,34,2025-10-29T05:16:44.093Z,1239,31,0
1,35,2025-10-29T05:16:44.109Z,1189,47,0
1,36,2025-10-29T05:16:44.126Z,1167,59,0
1,37,2025-10-29T05:16:44.143Z,1130,89,0
1,38,2025-10-29T05:16:44.159Z,1110,105,0
1,39,2025-10-29T05:16:44.176Z,1072,133,0
1,40,2025-10-29T05:16:44.193Z,1052,149,0
1,41,2025-10-29T05:16:44.210Z,1035,164,0
1,42,2025-10-29T05:16:44.226Z,1003,190,0
1,43,2025-10-29T05:16:44.243Z,973,211,0
1,44,2025-10-29T05:16:44.259Z,956,217,0
1,45,2025-10-29T05:16:44.277Z,939,226,0
1,46,2025-10-29T05:16:44.293Z,923,237,0
1,47,2025-10-29T05:16:44.309Z,914,241,0
1,48,2025-10-29T05:16:44.326Z,911,243,0
1,49,2025-10-29T05:16:44.343Z,909,244,0
1,50,2025-10-29T05:16:44.359Z,908,245,0
1,51,2025-10-29T05:16:44.376Z,908,245,0
1,52,2025-10-29T05:16:44.393Z,904,245,0
1,53,2025-10-29T05:16:44.410Z,901,245,0
1,54,2025-10-29T05:16:44.426Z,893,245,0
1,55,2025-10-29T05:16:44.443Z,890,245,0
1,56,2025-10-29T05:16:44.459Z,882,245,1
1,57,2025-10-29T05:16:44.476Z,882,245,1
1,58,2025-10-29T05:16:44.493Z,882,245,1
1,59,2025-10-29T05:16:44.510Z,881,245,1
1,60,2025-10-29T05:16:44.526Z,855,251,1
1,61,2025-10-29T05:16:44.544Z,839,255,1
1,62,2025-10-29T05:16:44.560Z,819,261,1
1,63,2025-10-29T05:16:44.576Z,786,270,1
1,64,2025-10-29T05:16:44.593Z,774,275,1
1,65,2025-10-29T05:16:44.610Z,768,276,1
1,66,2025-10-29T05:16:44.626Z,763,279,1
1,67,2025-10-29T05:16:44.643Z,760,282,1
1,68,2025-10-29T05:16:44.660Z,749,283,1
1,69,2025-10-29T05:16:44.677Z,745,283,1
1,70,2025-10-29T05:16:44.693Z,737,285,1
1,71,2025-10-29T05:16:44.709Z,727,285,1
1,72,2025-10-29T05:16:44.726Z,721,285,1
1,73,2025-10-29T05:16:44.743Z,720,285,1
1,74,2025-10-29T05:16:44.760Z,720,285,1
1,75,2025-10-29T05:16:44.776Z,720,285,1
1,76,2025-10-29T05:16:44.793Z,720,285,1
1,77,2025-10-29T05:16:44.810Z,720,285,1
1,78,2025-10-29T05:16:44.826Z,720,285,1
1,79,2025-10-29T05:16:44.843Z,720,285,1
1,80,2025-10-29T05:16:44.859Z,720,285,1
1,81,2025-10-29T05:16:44.877Z,720,285,1
1,82,2025-10-29T05:16:44.893Z,720,285,1
1,83,2025-10-29T05:16:44.910Z,720,285,1
1,84,2025-10-29T05:16:44.926Z,720,285,1
1,85,2025-10-29T05:16:44.943Z,720,285,1
1,86,2025-10-29T05:16:44.960Z,720,285,1
1,87,2025-10-29T05:16:44.976Z,720,285,1
1,88,2025-10-29T05:16:44.993Z,720,285,1
1,89,2025-10-29T05:16:45.010Z,720,285,1
1,90,2025-10-29T05:16:45.026Z,720,285,1
1,91,2025-10-29T05:16:45.043Z,720,285,1
1,92,2025-10-29T05:16:45.060Z,720,285,1
1,93,2025-10-29T05:16:45.077Z,724,281,1
1,94,2025-10-29T05:16:45.093Z,727,279,1
1,95,2025-10-29T05:16:45.109Z,729,277,1
1,96,2025-10-29T05:16:45.126Z,730,277,1
1,97,2025-10-29T05:16:45.144Z,730,276,1
1,98,2025-10-29T05:16:45.159Z,732,276,1
1,99,2025-10-29T05:16:45.176Z,732,275,1
1,100,2025-10-29T05:16:45.193Z,733,275,1
1,101,2025-10-29T05:16:45.210Z,733,275,1
1,102,2025-10-29T05:16:45.226Z,733,275,1
1,103,2025-10-29T05:16:45.243Z,733,275,1
1,104,2025-10-29T05:16:45.259Z,733,275,1
1,105,2025-10-29T05:16:45.277Z,733,275,1
1,106,2025-10-29T05:16:45.293Z,733,275,1
1,107,2025-10-29T05:16:45.310Z,733,275,1
1,108,2025-10-29T05:16:45.326Z,733,275,1
1,109,2025-10-29T05:16:45.344Z,733,275,1
1,110,2025-10-29T05:16:45.360Z,733,275,1
1,111,2025-10-29T05:16:45.376Z,733,275,1
1,112,2025-10-29T05:16:45.393Z,733,275,1
1,113,2025-10-29T05:16:45.410Z,733,275,1
1,114,2025-10-29T05:16:45.427Z,733,275,1
1,115,2025-10-29T05:16:45.443Z,733,275,1
1,116,2025-10-29T05:16:45.460Z,733,275,1
1,117,2025-10-29T05:16:45.477Z,733,275,1
1,118,2025-10-29T05:16:45.493Z,733,275,1
1,119,2025-10-29T05:16:45.509Z,733,275,1
1,120,2025-10-29T05:16:45.526Z,733,275,1
2,0,2025-10-29T05:16:46.010Z,733,275,0
2,1,2025-10-29T05:16:46.027Z,733,275,0
2,2,2025-10-29T05:16:46.043Z,733,275,0
2,3,2025-10-29T05:16:46.059Z,733,275,0
2,4,2025-10-29T05:16:46.077Z,733,275,0
2,5,2025-10-29T05:16:46.093Z,733,275,0
2,6,2025-10-29T05:16:46.109Z,733,275,0
2,7,2025-10-29T05:16:46.126Z,733,275,0
2,8,2025-10-29T05:16:46.143Z,733,275,0
2,9,2025-10-29T05:16:46.160Z,733,275,0
2,10,2025-10-29T05:16:46.176Z,733,275,0
2,11,2025-10-29T05:16:46.193Z,733,275,0
2,12,2025-10-29T05:16:46.209Z,733,275,0
2,13,2025-10-29T05:16:46.227Z,733,275,0
2,14,2025-10-29T05:16:46.243Z,733,275,0
2,15,2025-10-29T05:16:46.260Z,733,275,0
2,16,2025-10-29T05:16:46.277Z,733,275,0
2,17,2025-10-29T05:16:46.293Z,733,275,0
2,18,2025-10-29T05:16:46.310Z,733,275,0
2,19,2025-10-29T05:16:46.326Z,758,272,0
2,20,2025-10-29T05:16:46.343Z,787,273,0
2,21,2025-10-29T05:16:46.360Z,863,273,0
2,22,2025-10-29T05:16:46.376Z,912,273,0
2,23,2025-10-29T05:16:46.393Z,1001,276,0
2,24,2025-10-29T05:16:46.410Z,1049,285,0
2,25,2025-10-29T05:16:46.426Z,1160,291,0
2,26,2025-10-29T05:16:46.443Z,1227,298,0
2,27,2025-10-29T05:16:46.460Z,1349,304,0
2,28,2025-10-29T05:16:46.477Z,1401,310,0
2,29,2025-10-29T05:16:46.493Z,1461,312,0
2,30,2025-10-29T05:16:46.510Z,1480,312,0
2,31,2025-10-29T05:16:46.526Z,1497,312,0
2,32,2025-10-29T05:16:46.544Z,1498,312,0
2,33,2025-10-29T05:16:46.560Z,1498,312,0
2,34,2025-10-29T05:16:46.576Z,1498,312,0
2,35,2025-10-29T05:16:46.593Z,1498,312,0
2,36,2025-10-29T05:16:46.610Z,1503,312,0
2,37,2025-10-29T05:16:46.627Z,1508,312,0
2,38,2025-10-29T05:16:46.643Z,1534,310,1
2,39,2025-10-29T05:16:46.660Z,1556,311,1
2,40,2025-10-29T05:16:46.677Z,1588,313,1
2,41,2025-10-29T05:16:46.693Z,1592,313,1
2,42,2025-10-29T05:16:46.710Z,1593,313,1
2,43,2025-10-29T05:16:46.726Z,1593,313,1
2,44,2025-10-29T05:16:46.744Z,1593,313,1
2,45,2025-10-29T05:16:46.760Z,1593,313,1
2,46,2025-10-29T05:16:46.776Z,1593,313,1
2,47,2025-10-29T05:16:46.793Z,1593,313,1
2,48,2025-10-29T05:16:46.810Z,1593,313,1
2,49,2025-10-29T05:16:46.826Z,1593,313,1
2,50,2025-10-29T05:16:46.843Z,1593,313,1
2,51,2025-10-29T05:16:46.860Z,1593,313,1
2,52,2025-10-29T05:16:46.877Z,1609,320,1
2,53,2025-10-29T05:16:46.893Z,1618,324,1
2,54,2025-10-29T05:16:46.910Z,1631,327,1
2,55,2025-10-29T05:16:46.926Z,1633,327,1
2,56,2025-10-29T05:16:46.944Z,1637,329,1
2,57,2025-10-29T05:16:46.960Z,1638,329,1
2,58,2025-10-29T05:16:46.976Z,1643,331,1
2,59,2025-10-29T05:16:46.993Z,1646,332,1
2,60,2025-10-29T05:16:47.011Z,1647,332,1
2,61,2025-10-29T05:16:47.027Z,1651,333,1
2,62,2025-10-29T05:16:47.043Z,1652,334,1
2,63,2025-10-29T05:16:47.060Z,1656,337,1
2,64,2025-10-29T05:16:47.077Z,1660,339,1
2,65,2025-10-29T05:16:47.093Z,1668,342,1
2,66,2025-10-29T05:16:47.110Z,1670,344,1
2,67,2025-10-29T05:16:47.126Z,1670,344,1
2,68,2025-10-29T05:16:47.143Z,1670,344,1
2,69,2025-10-29T05:16:47.160Z,1670,344,1
2,70,2025-10-29T05:16:47.176Z,1670,344,1
2,71,2025-10-29T05:16:47.193Z,1670,344,1
2,72,2025-10-29T05:16:47.210Z,1670,344,1
2,73,2025-10-29T05:16:47.227Z,1670,344,1
2,74,2025-10-29T05:16:47.243Z,1670,344,1
2,75,2025-10-29T05:16:47.260Z,1670,344,1
2,76,2025-10-29T05:16:47.277Z,1670,344,1
2,77,2025-10-29T05:16:47.293Z,1670,344,1
2,78,2025-10-29T05:16:47.310Z,1670,344,1
2,79,2025-10-29T05:16:47.326Z,1670,344,1
2,80,2025-10-29T05:16:47.344Z,1670,344,1
2,81,2025-10-29T05:16:47.360Z,1670,344,1
2,82,2025-10-29T05:16:47.377Z,1670,344,1
2,83,2025-10-29T05:16:47.393Z,1670,344,1
2,84,2025-10-29T05:16:47.410Z,1670,344,1
2,85,2025-10-29T05:16:47.427Z,1670,344,1
2,86,2025-10-29T05:16:47.443Z,1670,344,1
2,87,2025-10-29T05:16:47.460Z,1670,344,1
2,88,2025-10-29T05:16:47.477Z,1670,344,1
2,89,2025-10-29T05:16:47.493Z,1670,344,1
2,90,2025-10-29T05:16:47.510Z,1670,344,1
2,91,2025-10-29T05:16:47.526Z,1670,344,1
2,92,2025-10-29T05:16:47.544Z,1670,344,1
2,93,2025-10-29T05:16:47.560Z,1670,344,1
2,94,2025-10-29T05:16:47.577Z,1670,344,1
2,95,2025-10-29T05:16:47.593Z,1670,344,1
2,96,2025-10-29T05:16:47.611Z,1670,344,1
2,97,2025-10-29T05:16:47.627Z,1670,344,1
2,98,2025-10-29T05:16:47.643Z,1670,344,1
2,99,2025-10-29T05:16:47.660Z,1670,344,1
2,100,2025-10-29T05:16:47.677Z,1670,344,1
2,101,2025-10-29T05:16:47.693Z,1670,344,1
2,102,2025-10-29T05:16:47.710Z,1670,344,1
2,103,2025-10-29T05:16:47.726Z,1670,344,1
2,104,2025-10-29T05:16:47.743Z,1670,344,1
2,105,2025-10-29T05:16:47.760Z,1670,344,1
2,106,2025-10-29T05:16:47.776Z,1670,344,1
2,107,2025-10-29T05:16:47.793Z,1670,344,1
2,108,2025-10-29T05:16:47.810Z,1670,344,1
2,109,2025-10-29T05:16:47.827Z,1670,344,1
2,110,2025-10-29T05:16:47.843Z,1670,344,1
2,111,2025-10-29T05:16:47.860Z,1670,344,1
2,112,2025-10-29T05:16:47.877Z,1670,344,1
2,113,2025-10-29T05:16:47.893Z,1670,344,1
2,114,2025-10-29T05:16:47.910Z,1670,344,1
2,115,2025-10-29T05:16:47.926Z,1670,344,1
2,116,2025-10-29T05:16:47.943Z,1670,344,1
2,117,2025-10-29T05:16:47.960Z,1670,344,1
2,118,2025-10-29T05:16:47.976Z,1670,344,1
2,119,2025-10-29T05:16:47.993Z,1670,344,1
3,0,2025-10-29T05:16:48.460Z,1670,344,0
3,1,2025-10-29T05:16:48.477Z,1670,344,0
3,2,2025-10-29T05:16:48.493Z,1670,344,0
3,3,2025-10-29T05:16:48.510Z,1670,344,0
3,4,2025-10-29T05:16:48.527Z,1670,344,0
3,5,2025-10-29T05:16:48.544Z,1670,344,0
3,6,2025-10-29T05:16:48.560Z,1670,344,0
3,7,2025-10-29T05:16:48.577Z,1670,344,0
3,8,2025-10-29T05:16:48.593Z,1670,344,0
3,9,2025-10-29T05:16:48.610Z,1670,344,0
3,10,2025-10-29T05:16:48.627Z,1645,343,0
3,11,2025-10-29T05:16:48.643Z,1518,336,0
3,12,2025-10-29T05:16:48.660Z,1457,332,0
3,13,2025-10-29T05:16:48.677Z,1352,326,0
3,14,2025-10-29T05:16:48.693Z,1312,324,0
3,15,2025-10-29T05:16:48.710Z,1259,324,0
3,16,2025-10-29T05:16:48.726Z,1238,324,0
3,17,2025-10-29T05:16:48.743Z,1206,324,0
3,18,2025-10-29T05:16:48.760Z,1197,324,0
3,19,2025-10-29T05:16:48.776Z,1187,324,0
3,20,2025-10-29T05:16:48.793Z,1186,324,0
3,21,2025-10-29T05:16:48.810Z,1178,324,0
3,22,2025-10-29T05:16:48.827Z,1173,322,0
3,23,2025-10-29T05:16:48.843Z,1159,321,0
3,24,2025-10-29T05:16:48.860Z,1149,321,0
3,25,2025-10-29T05:16:48.877Z,1141,321,0
3,26,2025-10-29T05:16:48.893Z,1118,317,0
3,27,2025-10-29T05:16:48.910Z,1110,317,0
3,28,2025-10-29T05:16:48.926Z,1103,315,0
3,29,2025-10-29T05:16:48.944Z,1102,315,0
3,30,2025-10-29T05:16:48.960Z,1098,314,0
3,31,2025-10-29T05:16:48.976Z,1096,313,0
3,32,2025-10-29T05:16:48.993Z,1079,311,1
3,33,2025-10-29T05:16:49.010Z,1060,309,1
3,34,2025-10-29T05:16:49.026Z,1014,298,1
3,35,2025-10-29T05:16:49.043Z,998,296,1
3,36,2025-10-29T05:16:49.060Z,977,291,1
3,37,2025-10-29T05:16:49.077Z,975,291,1
3,38,2025-10-29T05:16:49.093Z,975,291,1
3,39,2025-10-29T05:16:49.110Z,975,291,1
3,40,2025-10-29T05:16:49.127Z,975,291,1
3,41,2025-10-29T05:16:49.144Z,975,291,1
3,42,2025-10-29T05:16:49.160Z,975,291,1
3,43,2025-10-29T05:16:49.177Z,975,291,1
3,44,2025-10-29T05:16:49.193Z,975,291,1
3,45,2025-10-29T05:16:49.210Z,975,291,1
3,46,2025-10-29T05:16:49.227Z,975,291,1
3,47,2025-10-29T05:16:49.243Z,975,291,1
3,48,2025-10-29T05:16:49.260Z,975,291,1
3,49,2025-10-29T05:16:49.277Z,975,291,1
3,50,2025-10-29T05:16:49.294Z,975,291,1
3,51,2025-10-29T05:16:49.310Z,975,291,1
3,52,2025-10-29T05:16:49.327Z,972,288,1
3,53,2025-10-29T05:16:49.344Z,958,278,1
3,54,2025-10-29T05:16:49.360Z,954,275,1
3,55,2025-10-29T05:16:49.377Z,953,274,1
3,56,2025-10-29T05:16:49.393Z,953,274,1
3,57,2025-10-29T05:16:49.411Z,953,274,1
3,58,2025-10-29T05:16:49.426Z,953,274,1
3,59,2025-10-29T05:16:49.443Z,953,274,1
3,60,2025-10-29T05:16:49.460Z,953,274,1
3,61,2025-10-29T05:16:49.477Z,953,274,1
3,62,2025-10-29T05:16:49.493Z,953,274,1
3,63,2025-10-29T05:16:49.510Z,953,274,1
3,64,2025-10-29T05:16:49.527Z,953,274,1
3,65,2025-10-29T05:16:49.544Z,953,274,1
3,66,2025-10-29T05:16:49.560Z,953,274,1
3,67,2025-10-29T05:16:49.577Z,953,274,1
3,68,2025-10-29T05:16:49.593Z,953,274,1
3,69,2025-10-29T05:16:49.610Z,953,274,1
3,70,2025-10-29T05:16:49.627Z,953,274,1
3,71,2025-10-29T05:16:49.643Z,953,274,1
3,72,2025-10-29T05:16:49.660Z,953,274,1
3,73,2025-10-29T05:16:49.677Z,953,274,1
3,74,2025-10-29T05:16:49.693Z,953,274,1
3,75,2025-10-29T05:16:49.710Z,953,274,1
3,76,2025-10-29T05:16:49.727Z,953,274,1
3,77,2025-10-29T05:16:49.744Z,953,274,1
3,78,2025-10-29T05:16:49.760Z,953,274,1
3,79,2025-10-29T05:16:49.776Z,953,274,1
3,80,2025-10-29T05:16:49.793Z,953,274,1
3,81,2025-10-29T05:16:49.810Z,953,274,1
3,82,2025-10-29T05:16:49.826Z,953,274,1
3,83,2025-10-29T05:16:49.843Z,953,274,1
3,84,2025-10-29T05:16:49.860Z,953,274,1
3,85,2025-10-29T05:16:49.877Z,953,274,1
3,86,2025-10-29T05:16:49.893Z,953,274,1
3,87,2025-10-29T05:16:49.910Z,953,274,1
3,88,2025-10-29T05:16:49.926Z,953,274,1
3,89,2025-10-29T05:16:49.943Z,953,274,1
3,90,2025-10-29T05:16:49.960Z,953,274,1
3,91,2025-10-29T05:16:49.977Z,953,274,1
3,92,2025-10-29T05:16:49.993Z,953,274,1
3,93,2025-10-29T05:16:50.011Z,953,274,1
3,94,2025-10-29T05:16:50.027Z,953,274,1
3,95,2025-10-29T05:16:50.043Z,953,274,1
3,96,2025-10-29T05:16:50.060Z,953,274,1
3,97,2025-10-29T05:16:50.077Z,953,274,1
3,98,2025-10-29T05:16:50.093Z,953,274,1
3,99,2025-10-29T05:16:50.110Z,953,274,1
3,100,2025-10-29T05:16:50.127Z,953,274,1
3,101,2025-10-29T05:16:50.144Z,953,274,1
3,102,2025-10-29T05:16:50.160Z,953,274,1
3,103,2025-10-29T05:16:50.177Z,953,274,1
3,104,2025-10-29T05:16:50.193Z,953,274,1
3,105,2025-10-29T05:16:50.210Z,953,274,1
3,106,2025-10-29T05:16:50.227Z,953,274,1
3,107,2025-10-29T05:16:50.243Z,953,274,1
3,108,2025-10-29T05:16:50.260Z,953,274,1
3,109,2025-10-29T05:16:50.277Z,953,274,1
3,110,2025-10-29T05:16:50.293Z,953,274,1
3,111,2025-10-29T05:16:50.310Z,953,274,1
3,112,2025-10-29T05:16:50.327Z,953,274,1
3,113,2025-10-29T05:16:50.344Z,953,274,1
3,114,2025-10-29T05:16:50.360Z,953,274,1
3,115,2025-10-29T05:16:50.377Z,953,274,1
3,116,2025-10-29T05:16:50.393Z,953,274,1
3,117,2025-10-29T05:16:50.410Z,953,274,1
3,118,2025-10-29T05:16:50.427Z,953,274,1
3,119,2025-10-29T05:16:50.443Z,953,274,1
4,0,2025-10-29T05:16:50.911Z,953,274,1
4,1,2025-10-29T05:16:50.927Z,953,274,1
4,2,2025-10-29T05:16:50.944Z,953,274,1
4,3,2025-10-29T05:16:50.960Z,953,274,1
4,4,2025-10-29T05:16:50.977Z,953,274,1
4,5,2025-10-29T05:16:50.993Z,953,274,1
4,6,2025-10-29T05:16:51.010Z,953,274,1
4,7,2025-10-29T05:16:51.027Z,953,274,1
4,8,2025-10-29T05:16:51.044Z,953,274,1
4,9,2025-10-29T05:16:51.060Z,953,274,1
4,10,2025-10-29T05:16:51.077Z,953,274,1
4,11,2025-10-29T05:16:51.093Z,953,274,1
4,12,2025-10-29T05:16:51.110Z,953,274,1
4,13,2025-10-29T05:16:51.127Z,953,274,1
4,14,2025-10-29T05:16:51.144Z,953,274,1
4,15,2025-10-29T05:16:51.160Z,953,274,1
4,16,2025-10-29T05:16:51.177Z,953,274,1
4,17,2025-10-29T05:16:51.193Z,953,274,1
4,18,2025-10-29T05:16:51.210Z,953,274,1
4,19,2025-10-29T05:16:51.227Z,953,274,1
4,20,2025-10-29T05:16:51.244Z,953,274,1
4,21,2025-10-29T05:16:51.260Z,953,274,1
4,22,2025-10-29T05:16:51.277Z,953,274,1
4,23,2025-10-29T05:16:51.293Z,953,274,1
4,24,2025-10-29T05:16:51.310Z,953,274,1
4,25,2025-10-29T05:16:51.327Z,953,274,1
4,26,2025-10-29T05:16:51.343Z,953,274,1
4,27,2025-10-29T05:16:51.360Z,953,274,1
4,28,2025-10-29T05:16:51.377Z,953,274,1
4,29,2025-10-29T05:16:51.394Z,953,274,1
4,30,2025-10-29T05:16:51.410Z,953,274,1
4,31,2025-10-29T05:16:51.427Z,953,274,1
4,32,2025-10-29T05:16:51.444Z,953,274,1
4,33,2025-10-29T05:16:51.460Z,953,274,1
4,34,2025-10-29T05:16:51.477Z,953,274,1
4,35,2025-10-29T05:16:51.493Z,953,274,1
4,36,2025-10-29T05:16:51.511Z,953,274,1
4,37,2025-10-29T05:16:51.527Z,953,274,1
4,38,2025-10-29T05:16:51.544Z,953,274,1
4,39,2025-10-29T05:16:51.560Z,953,274,1
4,40,2025-10-29T05:16:51.577Z,953,274,1
4,41,2025-10-29T05:16:51.593Z,953,274,1
4,42,2025-10-29T05:16:51.610Z,953,274,1
4,43,2025-10-29T05:16:51.627Z,953,274,1
4,44,2025-10-29T05:16:51.644Z,953,274,1
4,45,2025-10-29T05:16:51.660Z,953,274,1
4,46,2025-10-29T05:16:51.677Z,953,274,1
4,47,2025-10-29T05:16:51.694Z,953,274,1
4,48,2025-10-29T05:16:51.710Z,953,274,1
4,49,2025-10-29T05:16:51.727Z,953,274,1
4,50,2025-10-29T05:16:51.744Z,953,274,1
4,51,2025-10-29T05:16:51.761Z,953,274,1
4,52,2025-10-29T05:16:51.777Z,953,274,1
4,53,2025-10-29T05:16:51.793Z,953,274,1
4,54,2025-10-29T05:16:51.811Z,953,274,1
4,55,2025-10-29T05:16:51.827Z,953,274,1
4,56,2025-10-29T05:16:51.843Z,953,274,1
4,57,2025-10-29T05:16:51.860Z,953,274,1
4,58,2025-10-29T05:16:51.877Z,953,274,1
4,59,2025-10-29T05:16:51.894Z,953,274,1
4,60,2025-10-29T05:16:51.910Z,953,274,1
4,61,2025-10-29T05:16:51.927Z,953,274,1
4,62,2025-10-29T05:16:51.944Z,953,274,1
4,63,2025-10-29T05:16:51.960Z,953,274,1
4,64,2025-10-29T05:16:51.977Z,953,274,1
4,65,2025-10-29T05:16:51.993Z,953,274,1
4,66,2025-10-29T05:16:52.011Z,953,274,1
4,67,2025-10-29T05:16:52.027Z,953,274,1
4,68,2025-10-29T05:16:52.044Z,953,274,1
4,69,2025-10-29T05:16:52.060Z,953,274,1
4,70,2025-10-29T05:16:52.078Z,953,274,1
4,71,2025-10-29T05:16:52.094Z,953,274,1
4,72,2025-10-29T05:16:52.110Z,953,274,1
4,73,2025-10-29T05:16:52.127Z,953,274,1
4,74,2025-10-29T05:16:52.144Z,953,274,1
4,75,2025-10-29T05:16:52.160Z,953,274,1
4,76,2025-10-29T05:16:52.177Z,953,274,1
4,77,2025-10-29T05:16:52.193Z,953,274,1
4,78,2025-10-29T05:16:52.210Z,953,274,1
4,79,2025-10-29T05:16:52.227Z,953,274,1
4,80,2025-10-29T05:16:52.244Z,953,274,1
4,81,2025-10-29T05:16:52.260Z,953,274,1
4,82,2025-10-29T05:16:52.277Z,953,274,1
4,83,2025-10-29T05:16:52.293Z,953,274,1
4,84,2025-10-29T05:16:52.310Z,953,274,1
4,85,2025-10-29T05:16:52.327Z,953,274,1
4,86,2025-10-29T05:16:52.344Z,953,274,1
4,87,2025-10-29T05:16:52.361Z,953,274,1
4,88,2025-10-29T05:16:52.377Z,953,274,1
4,89,2025-10-29T05:16:52.394Z,953,274,1
4,90,2025-10-29T05:16:52.411Z,953,274,1
4,91,2025-10-29T05:16:52.428Z,953,274,1
4,92,2025-10-29T05:16:52.444Z,953,274,1
4,93,2025-10-29T05:16:52.460Z,953,274,1
4,94,2025-10-29T05:16:52.478Z,953,274,1
4,95,2025-10-29T05:16:52.493Z,953,274,1
4,96,2025-10-29T05:16:52.510Z,953,274,1
4,97,2025-10-29T05:16:52.527Z,953,274,1
4,98,2025-10-29T05:16:52.544Z,953,274,1
4,99,2025-10-29T05:16:52.561Z,953,274,1
4,100,2025-10-29T05:16:52.577Z,953,274,1
4,101,2025-10-29T05:16:52.594Z,953,274,1
4,102,2025-10-29T05:16:52.611Z,953,274,1
4,103,2025-10-29T05:16:52.627Z,953,274,1
4,104,2025-10-29T05:16:52.644Z,953,274,1
4,105,2025-10-29T05:16:52.661Z,953,274,1
4,106,2025-10-29T05:16:52.677Z,953,274,1
4,107,2025-10-29T05:16:52.694Z,953,274,1
4,108,2025-10-29T05:16:52.710Z,953,274,1
4,109,2025-10-29T05:16:52.727Z,953,274,1
4,110,2025-10-29T05:16:52.744Z,953,274,1
4,111,2025-10-29T05:16:52.760Z,953,274,1
4,112,2025-10-29T05:16:52.777Z,953,274,1
4,113,2025-10-29T05:16:52.793Z,953,274,1
4,114,2025-10-29T05:16:52.810Z,953,274,1
4,115,2025-10-29T05:16:52.827Z,953,274,1
4,116,2025-10-29T05:16:52.843Z,953,274,1
4,117,2025-10-29T05:16:52.860Z,953,274,1
4,118,2025-10-29T05:16:52.877Z,953,274,1
4,119,2025-10-29T05:16:52.894Z,953,274,1
5,0,2025-10-29T05:16:53.344Z,953,274,1
5,1,2025-10-29T05:16:53.360Z,953,274,1
5,2,2025-10-29T05:16:53.377Z,953,274,1
5,3,2025-10-29T05:16:53.394Z,953,274,1
5,4,2025-10-29T05:16:53.411Z,953,274,1
5,5,2025-10-29T05:16:53.427Z,953,274,1
5,6,2025-10-29T05:16:53.444Z,953,274,1
5,7,2025-10-29T05:16:53.460Z,953,274,1
5,8,2025-10-29T05:16:53.477Z,953,274,1
5,9,2025-10-29T05:16:53.494Z,953,274,1
5,10,2025-10-29T05:16:53.510Z,953,274,1
5,11,2025-10-29T05:16:53.527Z,953,274,1
5,12,2025-10-29T05:16:53.544Z,953,274,1
5,13,2025-10-29T05:16:53.560Z,953,274,1
5,14,2025-10-29T05:16:53.577Z,953,274,1
5,15,2025-10-29T05:16:53.594Z,953,274,1
5,16,2025-10-29T05:16:53.610Z,953,274,1
5,17,2025-10-29T05:16:53.627Z,953,274,1
5,18,2025-10-29T05:16:53.644Z,953,274,1
5,19,2025-10-29T05:16:53.660Z,953,274,1
5,20,2025-10-29T05:16:53.677Z,953,274,1
5,21,2025-10-29T05:16:53.694Z,953,274,1
5,22,2025-10-29T05:16:53.710Z,953,274,1
5,23,2025-10-29T05:16:53.727Z,953,274,1
5,24,2025-10-29T05:16:53.744Z,953,274,1
5,25,2025-10-29T05:16:53.760Z,953,274,1
5,26,2025-10-29T05:16:53.777Z,953,274,1
5,27,2025-10-29T05:16:53.794Z,953,274,1
5,28,2025-10-29T05:16:53.810Z,953,274,1
5,29,2025-10-29T05:16:53.827Z,953,274,1
5,30,2025-10-29T05:16:53.844Z,953,274,1
5,31,2025-10-29T05:16:53.860Z,953,274,1
5,32,2025-10-29T05:16:53.877Z,953,274,1
5,33,2025-10-29T05:16:53.894Z,953,274,1
5,34,2025-10-29T05:16:53.911Z,953,274,1
5,35,2025-10-29T05:16:53.927Z,953,274,1
5,36,2025-10-29T05:16:53.944Z,953,274,1
5,37,2025-10-29T05:16:53.961Z,953,274,1
5,38,2025-10-29T05:16:53.977Z,953,274,1
5,39,2025-10-29T05:16:53.994Z,953,274,1
5,40,2025-10-29T05:16:54.010Z,953,274,1
5,41,2025-10-29T05:16:54.027Z,953,274,1
5,42,2025-10-29T05:16:54.044Z,953,274,1
5,43,2025-10-29T05:16:54.061Z,953,274,1
5,44,2025-10-29T05:16:54.077Z,953,274,1
5,45,2025-10-29T05:16:54.094Z,953,274,1
5,46,2025-10-29T05:16:54.111Z,953,274,1
5,47,2025-10-29T05:16:54.127Z,953,274,1
5,48,2025-10-29T05:16:54.144Z,953,274,1
5,49,2025-10-29T05:16:54.161Z,953,274,1
5,50,2025-10-29T05:16:54.177Z,953,274,1
5,51,2025-10-29T05:16:54.194Z,953,274,1
5,52,2025-10-29T05:16:54.211Z,953,274,1
5,53,2025-10-29T05:16:54.227Z,953,274,1
5,54,2025-10-29T05:16:54.244Z,953,274,1
5,55,2025-10-29T05:16:54.260Z,953,274,1
5,56,2025-10-29T05:16:54.277Z,953,274,1
5,57,2025-10-29T05:16:54.294Z,953,274,1
5,58,2025-10-29T05:16:54.310Z,953,274,1
5,59,2025-10-29T05:16:54.327Z,953,274,1
5,60,2025-10-29T05:16:54.344Z,953,274,1
5,61,2025-10-29T05:16:54.361Z,953,274,1
5,62,2025-10-29T05:16:54.377Z,953,274,1
5,63,2025-10-29T05:16:54.394Z,953,274,1
5,64,2025-10-29T05:16:54.411Z,953,274,1
5,65,2025-10-29T05:16:54.427Z,953,274,1
5,66,2025-10-29T05:16:54.444Z,953,274,1
5,67,2025-10-29T05:16:54.461Z,953,274,1
5,68,2025-10-29T05:16:54.477Z,953,274,1
5,69,2025-10-29T05:16:54.494Z,953,274,1
5,70,2025-10-29T05:16:54.511Z,953,274,1
5,71,2025-10-29T05:16:54.527Z,953,274,1
5,72,2025-10-29T05:16:54.544Z,953,274,1
5,73,2025-10-29T05:16:54.561Z,953,274,1
5,74,2025-10-29T05:16:54.577Z,953,274,1
5,75,2025-10-29T05:16:54.594Z,953,274,1
5,76,2025-10-29T05:16:54.611Z,953,274,1
5,77,2025-10-29T05:16:54.627Z,953,274,1
5,78,2025-10-29T05:16:54.644Z,953,274,1
5,79,2025-10-29T05:16:54.661Z,953,274,1
5,80,2025-10-29T05:16:54.677Z,953,274,1
5,81,2025-10-29T05:16:54.694Z,953,274,1
5,82,2025-10-29T05:16:54.711Z,953,274,1
5,83,2025-10-29T05:16:54.728Z,953,274,1
5,84,2025-10-29T05:16:54.744Z,953,274,1
5,85,2025-10-29T05:16:54.760Z,953,274,1
5,86,2025-10-29T05:16:54.777Z,953,274,1
5,87,2025-10-29T05:16:54.794Z,953,274,1
5,88,2025-10-29T05:16:54.810Z,953,274,1
5,89,2025-10-29T05:16:54.827Z,953,274,1
5,90,2025-10-29T05:16:54.844Z,953,274,1
5,91,2025-10-29T05:16:54.861Z,953,274,1
5,92,2025-10-29T05:16:54.877Z,953,274,1
5,93,2025-10-29T05:16:54.894Z,953,274,1
5,94,2025-10-29T05:16:54.910Z,953,274,1
5,95,2025-10-29T05:16:54.927Z,953,274,1
5,96,2025-10-29T05:16:54.944Z,953,274,1
5,97,2025-10-29T05:16:54.961Z,953,274,1
5,98,2025-10-29T05:16:54.977Z,953,274,1
5,99,2025-10-29T05:16:54.994Z,953,274,1
5,100,2025-10-29T05:16:55.011Z,953,274,1
5,101,2025-10-29T05:16:55.027Z,953,274,1
5,102,2025-10-29T05:16:55.044Z,953,274,1
5,103,2025-10-29T05:16:55.061Z,953,274,1
5,104,2025-10-29T05:16:55.077Z,953,274,1
5,105,2025-10-29T05:16:55.094Z,953,274,1
5,106,2025-10-29T05:16:55.110Z,953,274,1
5,107,2025-10-29T05:16:55.127Z,953,274,1
5,108,2025-10-29T05:16:55.144Z,953,274,1
5,109,2025-10-29T05:16:55.161Z,953,274,1
5,110,2025-10-29T05:16:55.177Z,953,274,1
5,111,2025-10-29T05:16:55.194Z,953,274,1
5,112,2025-10-29T05:16:55.211Z,953,274,1
5,113,2025-10-29T05:16:55.227Z,953,274,1
5,114,2025-10-29T05:16:55.244Z,953,274,1
5,115,2025-10-29T05:16:55.261Z,953,274,1
5,116,2025-10-29T05:16:55.277Z,953,274,1
5,117,2025-10-29T05:16:55.294Z,953,274,1
5,118,2025-10-29T05:16:55.311Z,953,274,1
5,119,2025-10-29T05:16:55.327Z,953,274,1
5,120,2025-10-29T05:16:55.344Z,953,274,1
1,0,2025-10-29T05:17:01.932Z,,,0
1,1,2025-10-29T05:17:01.945Z,,,0
1,2,2025-10-29T05:17:01.961Z,,,0
1,3,2025-10-29T05:17:01.978Z,,,0
1,4,2025-10-29T05:17:01.995Z,,,0
1,5,2025-10-29T05:17:02.012Z,,,0
1,6,2025-10-29T05:17:02.028Z,,,0
1,7,2025-10-29T05:17:02.044Z,,,0
1,8,2025-10-29T05:17:02.061Z,,,0
1,9,2025-10-29T05:17:02.078Z,,,0
1,10,2025-10-29T05:17:02.095Z,,,0
1,11,2025-10-29T05:17:02.111Z,,,0
1,12,2025-10-29T05:17:02.128Z,,,0
1,13,2025-10-29T05:17:02.144Z,,,0
1,14,2025-10-29T05:17:02.161Z,,,0
1,15,2025-10-29T05:17:02.178Z,,,0
1,16,2025-10-29T05:17:02.195Z,,,0
1,17,2025-10-29T05:17:02.211Z,,,0
1,18,2025-10-29T05:17:02.228Z,,,0
1,19,2025-10-29T05:17:02.245Z,,,0
1,20,2025-10-29T05:17:02.261Z,,,0
1,21,2025-10-29T05:17:02.279Z,,,0
1,22,2025-10-29T05:17:02.294Z,,,0
1,23,2025-10-29T05:17:02.311Z,,,0
1,24,2025-10-29T05:17:02.328Z,,,0
1,25,2025-10-29T05:17:02.345Z,,,0
1,26,2025-10-29T05:17:02.361Z,,,0
1,27,2025-10-29T05:17:02.378Z,,,0
1,28,2025-10-29T05:17:02.395Z,,,0
1,29,2025-10-29T05:17:02.411Z,1364,36,0
1,30,2025-10-29T05:17:02.428Z,1348,59,0
1,31,2025-10-29T05:17:02.445Z,1322,98,0
1,32,2025-10-29T05:17:02.461Z,1311,113,0
1,33,2025-10-29T05:17:02.478Z,1300,130,0
1,34,2025-10-29T05:17:02.495Z,1293,151,1
1,35,2025-10-29T05:17:02.511Z,1289,162,1
1,36,2025-10-29T05:17:02.528Z,1284,180,1
1,37,2025-10-29T05:17:02.545Z,1282,191,1
1,38,2025-10-29T05:17:02.561Z,1271,210,1
1,39,2025-10-29T05:17:02.578Z,1267,216,1
1,40,2025-10-29T05:17:02.595Z,1261,228,1
1,41,2025-10-29T05:17:02.611Z,1258,232,1
1,42,2025-10-29T05:17:02.628Z,1252,241,1
1,43,2025-10-29T05:17:02.645Z,1249,246,1
1,44,2025-10-29T05:17:02.661Z,1243,250,1
1,45,2025-10-29T05:17:02.678Z,1239,253,1
1,46,2025-10-29T05:17:02.695Z,1235,255,1
1,47,2025-10-29T05:17:02.711Z,1235,257,1
1,48,2025-10-29T05:17:02.728Z,1235,257,1
1,49,2025-10-29T05:17:02.745Z,1235,257,1
1,50,2025-10-29T05:17:02.761Z,1235,257,1
1,51,2025-10-29T05:17:02.778Z,1235,257,1
1,52,2025-10-29T05:17:02.795Z,1235,257,1
1,53,2025-10-29T05:17:02.811Z,1235,257,1
1,54,2025-10-29T05:17:02.828Z,1235,257,1
1,55,2025-10-29T05:17:02.845Z,1235,257,1
1,56,2025-10-29T05:17:02.861Z,1235,257,1
1,57,2025-10-29T05:17:02.878Z,1235,257,1
1,58,2025-10-29T05:17:02.895Z,1235,257,1
1,59,2025-10-29T05:17:02.911Z,1235,257,1
1,60,2025-10-29T05:17:02.928Z,1235,257,1
1,61,2025-10-29T05:17:02.945Z,1235,257,1
1,62,2025-10-29T05:17:02.961Z,1235,257,1
1,63,2025-10-29T05:17:02.978Z,1235,257,1
1,64,2025-10-29T05:17:02.995Z,1235,257,1
1,65,2025-10-29T05:17:03.011Z,1235,257,1
1,66,2025-10-29T05:17:03.028Z,1235,257,1
1,67,2025-10-29T05:17:03.045Z,1235,257,1
1,68,2025-10-29T05:17:03.062Z,1235,257,1
1,69,2025-10-29T05:17:03.078Z,1235,257,1
1,70,2025-10-29T05:17:03.094Z,1235,257,1
1,71,2025-10-29T05:17:03.111Z,1235,257,1
1,72,2025-10-29T05:17:03.128Z,1235,257,1
1,73,2025-10-29T05:17:03.145Z,1235,257,1
1,74,2025-10-29T05:17:03.161Z,1235,257,1
1,75,2025-10-29T05:17:03.178Z,1235,257,1
1,76,2025-10-29T05:17:03.195Z,1235,257,1
1,77,2025-10-29T05:17:03.211Z,1235,257,1
1,78,2025-10-29T05:17:03.228Z,1235,257,1
1,79,2025-10-29T05:17:03.245Z,1235,257,1
1,80,2025-10-29T05:17:03.261Z,1235,257,1
1,81,2025-10-29T05:17:03.278Z,1235,257,1
1,82,2025-10-29T05:17:03.295Z,1235,257,1
1,83,2025-10-29T05:17:03.311Z,1235,257,1
1,84,2025-10-29T05:17:03.328Z,1235,257,1
1,85,2025-10-29T05:17:03.345Z,1235,257,1
1,86,2025-10-29T05:17:03.361Z,1235,257,1
1,87,2025-10-29T05:17:03.378Z,1235,257,1
1,88,2025-10-29T05:17:03.395Z,1235,257,1
1,89,2025-10-29T05:17:03.411Z,1235,257,1
1,90,2025-10-29T05:17:03.428Z,1235,257,1
1,91,2025-10-29T05:17:03.445Z,1235,257,1
1,92,2025-10-29T05:17:03.461Z,1235,257,1
1,93,2025-10-29T05:17:03.478Z,1235,257,1
1,94,2025-10-29T05:17:03.495Z,1235,257,1
1,95,2025-10-29T05:17:03.511Z,1235,257,1
1,96,2025-10-29T05:17:03.528Z,1235,257,1
1,97,2025-10-29T05:17:03.545Z,1235,257,1
1,98,2025-10-29T05:17:03.561Z,1235,257,1
1,99,2025-10-29T05:17:03.578Z,1235,257,1
1,100,2025-10-29T05:17:03.595Z,1235,257,1
1,101,2025-10-29T05:17:03.611Z,1235,257,1
1,102,2025-10-29T05:17:03.628Z,1235,257,1
1,103,2025-10-29T05:17:03.645Z,1235,257,1
1,104,2025-10-29T05:17:03.661Z,1235,257,1
1,105,2025-10-29T05:17:03.678Z,1235,257,1
1,106,2025-10-29T05:17:03.695Z,1235,257,1
1,107,2025-10-29T05:17:03.711Z,1235,257,1
1,108,2025-10-29T05:17:03.728Z,1235,257,1
1,109,2025-10-29T05:17:03.745Z,1235,257,1
1,110,2025-10-29T05:17:03.762Z,1235,257,1
1,111,2025-10-29T05:17:03.778Z,1235,257,1
1,112,2025-10-29T05:17:03.795Z,1235,257,1
1,113,2025-10-29T05:17:03.812Z,1235,257,1
1,114,2025-10-29T05:17:03.828Z,1235,257,1
1,115,2025-10-29T05:17:03.845Z,1235,257,1
1,116,2025-10-29T05:17:03.861Z,1235,257,1
1,117,2025-10-29T05:17:03.878Z,1235,257,1
1,118,2025-10-29T05:17:03.895Z,1235,257,1
1,119,2025-10-29T05:17:03.911Z,1235,257,1
1,120,2025-10-29T05:17:03.928Z,1235,257,1
1,121,2025-10-29T05:17:03.945Z,1235,257,1
2,0,2025-10-29T05:17:04.395Z,1235,257,0
2,1,2025-10-29T05:17:04.411Z,1235,257,0
2,2,2025-10-29T05:17:04.428Z,1235,257,0
2,3,2025-10-29T05:17:04.445Z,1235,257,0
2,4,2025-10-29T05:17:04.461Z,1235,257,0
2,5,2025-10-29T05:17:04.478Z,1235,257,0
2,6,2025-10-29T05:17:04.495Z,1235,257,0
2,7,2025-10-29T05:17:04.511Z,1235,257,0
2,8,2025-10-29T05:17:04.528Z,1235,257,0
2,9,2025-10-29T05:17:04.545Z,1235,257,0
2,10,2025-10-29T05:17:04.561Z,1235,257,0
2,11,2025-10-29T05:17:04.578Z,1235,257,0
2,12,2025-10-29T05:17:04.595Z,1235,257,0
2,13,2025-10-29T05:17:04.612Z,1235,257,0
2,14,2025-10-29T05:17:04.628Z,1235,257,0
2,15,2025-10-29T05:17:04.645Z,1235,257,0
2,16,2025-10-29T05:17:04.661Z,1235,257,0
2,17,2025-10-29T05:17:04.678Z,1235,257,0
2,18,2025-10-29T05:17:04.695Z,1235,257,0
2,19,2025-10-29T05:17:04.712Z,1235,257,0
2,20,2025-10-29T05:17:04.728Z,1235,257,0
2,21,2025-10-29T05:17:04.745Z,1235,257,0
2,22,2025-10-29T05:17:04.761Z,1235,257,0
2,23,2025-10-29T05:17:04.778Z,1235,257,0
2,24,2025-10-29T05:17:04.795Z,1221,257,0
2,25,2025-10-29T05:17:04.812Z,1068,249,0
2,26,2025-10-29T05:17:04.828Z,976,249,0
2,27,2025-10-29T05:17:04.845Z,871,245,0
2,28,2025-10-29T05:17:04.861Z,842,245,0
2,29,2025-10-29T05:17:04.878Z,807,246,0
2,30,2025-10-29T05:17:04.895Z,791,251,0
2,31,2025-10-29T05:17:04.911Z,753,253,0
2,32,2025-10-29T05:17:04.928Z,734,255,0
2,33,2025-10-29T05:17:04.945Z,699,257,0
2,34,2025-10-29T05:17:04.961Z,688,259,0
2,35,2025-10-29T05:17:04.978Z,686,259,0
2,36,2025-10-29T05:17:04.995Z,686,259,0
2,37,2025-10-29T05:17:05.012Z,686,259,0
2,38,2025-10-29T05:17:05.028Z,686,259,0
2,39,2025-10-29T05:17:05.045Z,686,259,0
2,40,2025-10-29T05:17:05.062Z,686,259,0
2,41,2025-10-29T05:17:05.079Z,686,259,0
2,42,2025-10-29T05:17:05.095Z,686,259,0
2,43,2025-10-29T05:17:05.112Z,686,259,0
2,44,2025-10-29T05:17:05.128Z,686,259,0
2,45,2025-10-29T05:17:05.145Z,686,259,0
2,46,2025-10-29T05:17:05.162Z,686,259,0
2,47,2025-10-29T05:17:05.178Z,686,259,0
2,48,2025-10-29T05:17:05.195Z,686,259,0
2,49,2025-10-29T05:17:05.212Z,686,259,0
2,50,2025-10-29T05:17:05.228Z,686,259,0
2,51,2025-10-29T05:17:05.245Z,686,259,0
2,52,2025-10-29T05:17:05.261Z,686,259,0
2,53,2025-10-29T05:17:05.278Z,686,259,0
2,54,2025-10-29T05:17:05.295Z,686,259,0
2,55,2025-10-29T05:17:05.312Z,686,259,0
2,56,2025-10-29T05:17:05.328Z,686,259,0
2,57,2025-10-29T05:17:05.345Z,686,259,0
2,58,2025-10-29T05:17:05.362Z,686,259,0
2,59,2025-10-29T05:17:05.378Z,686,259,0
2,60,2025-10-29T05:17:05.395Z,686,259,0
2,61,2025-10-29T05:17:05.412Z,681,253,0
2,62,2025-10-29T05:17:05.428Z,673,249,0
2,63,2025-10-29T05:17:05.445Z,669,246,0
2,64,2025-10-29T05:17:05.461Z,656,243,0
2,65,2025-10-29T05:17:05.478Z,654,241,0
2,66,2025-10-29T05:17:05.495Z,652,241,0
2,67,2025-10-29T05:17:05.511Z,652,241,0
2,68,2025-10-29T05:17:05.528Z,652,241,0
2,69,2025-10-29T05:17:05.545Z,652,241,0
2,70,2025-10-29T05:17:05.562Z,652,241,0
2,71,2025-10-29T05:17:05.578Z,652,241,0
2,72,2025-10-29T05:17:05.595Z,652,241,0
2,73,2025-10-29T05:17:05.612Z,652,241,0
2,74,2025-10-29T05:17:05.628Z,652,241,0
2,75,2025-10-29T05:17:05.645Z,652,241,0
2,76,2025-10-29T05:17:05.662Z,652,241,0
2,77,2025-10-29T05:17:05.679Z,652,241,0
2,78,2025-10-29T05:17:05.695Z,652,241,0
2,79,2025-10-29T05:17:05.712Z,652,241,0
2,80,2025-10-29T05:17:05.728Z,652,241,0
2,81,2025-10-29T05:17:05.745Z,652,240,0
2,82,2025-10-29T05:17:05.761Z,652,240,0
2,83,2025-10-29T05:17:05.778Z,652,229,0
2,84,2025-10-29T05:17:05.795Z,653,221,0
2,85,2025-10-29T05:17:05.812Z,655,205,0
2,86,2025-10-29T05:17:05.828Z,657,193,0
2,87,2025-10-29T05:17:05.845Z,657,169,0
2,88,2025-10-29T05:17:05.862Z,656,157,0
2,89,2025-10-29T05:17:05.879Z,650,137,0
2,90,2025-10-29T05:17:05.895Z,650,133,0
2,91,2025-10-29T05:17:05.912Z,649,128,0
2,92,2025-10-29T05:17:05.928Z,649,128,0
2,93,2025-10-29T05:17:05.945Z,649,128,0
2,94,2025-10-29T05:17:05.962Z,649,128,0
2,95,2025-10-29T05:17:05.978Z,649,128,0
2,96,2025-10-29T05:17:05.995Z,649,128,0
2,97,2025-10-29T05:17:06.012Z,649,128,0
2,98,2025-10-29T05:17:06.028Z,649,128,0
2,99,2025-10-29T05:17:06.045Z,649,128,0
2,100,2025-10-29T05:17:06.062Z,649,128,0
2,101,2025-10-29T05:17:06.078Z,649,128,0
2,102,2025-10-29T05:17:06.095Z,649,128,0
2,103,2025-10-29T05:17:06.112Z,649,128,0
2,104,2025-10-29T05:17:06.128Z,649,128,0
2,105,2025-10-29T05:17:06.145Z,649,128,0
2,106,2025-10-29T05:17:06.162Z,649,128,0
2,107,2025-10-29T05:17:06.178Z,649,128,0
2,108,2025-10-29T05:17:06.195Z,649,128,0
2,109,2025-10-29T05:17:06.212Z,649,128,0
2,110,2025-10-29T05:17:06.229Z,649,128,0
2,111,2025-10-29T05:17:06.245Z,649,128,0
2,112,2025-10-29T05:17:06.261Z,649,128,0
2,113,2025-10-29T05:17:06.278Z,649,128,0
2,114,2025-10-29T05:17:06.295Z,649,128,0
2,115,2025-10-29T05:17:06.312Z,649,128,0
2,116,2025-10-29T05:17:06.329Z,649,128,0
2,117,2025-10-29T05:17:06.345Z,649,128,0
2,118,2025-10-29T05:17:06.362Z,649,128,0
2,119,2025-10-29T05:17:06.378Z,649,128,0
2,120,2025-10-29T05:17:06.395Z,649,128,0
3,0,2025-10-29T05:17:06.862Z,692,108,0
3,1,2025-10-29T05:17:06.878Z,692,108,0
3,2,2025-10-29T05:17:06.895Z,692,108,0
3,3,2025-10-29T05:17:06.912Z,692,108,0
3,4,2025-10-29T05:17:06.928Z,692,108,0
3,5,2025-10-29T05:17:06.945Z,716,106,0
3,6,2025-10-29T05:17:06.962Z,737,106,0
3,7,2025-10-29T05:17:06.979Z,793,106,0
3,8,2025-10-29T05:17:06.995Z,819,108,0
3,9,2025-10-29T05:17:07.012Z,846,108,0
3,10,2025-10-29T05:17:07.028Z,875,108,0
3,11,2025-10-29T05:17:07.045Z,878,108,0
3,12,2025-10-29T05:17:07.062Z,878,108,0
3,13,2025-10-29T05:17:07.078Z,878,108,0
3,14,2025-10-29T05:17:07.095Z,878,108,0
3,15,2025-10-29T05:17:07.112Z,878,108,0
3,16,2025-10-29T05:17:07.128Z,878,108,0
3,17,2025-10-29T05:17:07.145Z,878,108,0
3,18,2025-10-29T05:17:07.162Z,878,108,0
3,19,2025-10-29T05:17:07.178Z,878,108,0
3,20,2025-10-29T05:17:07.195Z,878,108,0
3,21,2025-10-29T05:17:07.212Z,878,108,0
3,22,2025-10-29T05:17:07.228Z,878,108,0
3,23,2025-10-29T05:17:07.245Z,878,108,0
3,24,2025-10-29T05:17:07.262Z,878,108,0
3,25,2025-10-29T05:17:07.279Z,882,124,0
3,26,2025-10-29T05:17:07.295Z,885,142,1
3,27,2025-10-29T05:17:07.312Z,886,145,1
3,28,2025-10-29T05:17:07.328Z,888,148,1
3,29,2025-10-29T05:17:07.345Z,888,148,1
3,30,2025-10-29T05:17:07.362Z,888,148,1
3,31,2025-10-29T05:17:07.379Z,888,148,1
3,32,2025-10-29T05:17:07.395Z,889,153,1
3,33,2025-10-29T05:17:07.412Z,892,160,1
3,34,2025-10-29T05:17:07.429Z,892,162,1
3,35,2025-10-29T05:17:07.445Z,893,164,1
3,36,2025-10-29T05:17:07.462Z,893,164,1
3,37,2025-10-29T05:17:07.478Z,893,164,1
3,38,2025-10-29T05:17:07.495Z,893,164,1
3,39,2025-10-29T05:17:07.512Z,893,164,1
3,40,2025-10-29T05:17:07.529Z,893,164,1
3,41,2025-10-29T05:17:07.546Z,893,164,1
3,42,2025-10-29T05:17:07.562Z,893,164,1
3,43,2025-10-29T05:17:07.579Z,893,164,1
3,44,2025-10-29T05:17:07.595Z,893,164,1
3,45,2025-10-29T05:17:07.612Z,893,164,1
3,46,2025-10-29T05:17:07.629Z,893,164,1
3,47,2025-10-29T05:17:07.645Z,893,164,1
3,48,2025-10-29T05:17:07.662Z,893,164,1
3,49,2025-10-29T05:17:07.679Z,893,164,1
3,50,2025-10-29T05:17:07.695Z,893,164,1
3,51,2025-10-29T05:17:07.712Z,893,164,1
3,52,2025-10-29T05:17:07.729Z,893,164,1
3,53,2025-10-29T05:17:07.745Z,893,164,1
3,54,2025-10-29T05:17:07.762Z,893,164,1
3,55,2025-10-29T05:17:07.779Z,857,166,1
3,56,2025-10-29T05:17:07.795Z,818,166,0
3,57,2025-10-29T05:17:07.812Z,784,168,0
3,58,2025-10-29T05:17:07.829Z,757,170,0
3,59,2025-10-29T05:17:07.845Z,756,170,0
3,60,2025-10-29T05:17:07.862Z,756,170,0
3,61,2025-10-29T05:17:07.878Z,756,170,0
3,62,2025-10-29T05:17:07.895Z,756,170,0
3,63,2025-10-29T05:17:07.912Z,756,170,0
3,64,2025-10-29T05:17:07.929Z,756,170,0
3,65,2025-10-29T05:17:07.946Z,756,170,0
3,66,2025-10-29T05:17:07.962Z,756,170,0
3,67,2025-10-29T05:17:07.979Z,756,170,0
3,68,2025-10-29T05:17:07.995Z,756,170,0
3,69,2025-10-29T05:17:08.012Z,756,170,0
3,70,2025-10-29T05:17:08.028Z,756,170,0
3,71,2025-10-29T05:17:08.045Z,756,170,0
3,72,2025-10-29T05:17:08.062Z,745,178,0
3,73,2025-10-29T05:17:08.079Z,742,181,0
3,74,2025-10-29T05:17:08.095Z,736,185,0
3,75,2025-10-29T05:17:08.112Z,732,188,0
3,76,2025-10-29T05:17:08.129Z,717,198,0
3,77,2025-10-29T05:17:08.146Z,700,202,0
3,78,2025-10-29T05:17:08.162Z,691,210,0
3,79,2025-10-29T05:17:08.178Z,690,210,0
3,80,2025-10-29T05:17:08.195Z,690,210,0
3,81,2025-10-29T05:17:08.212Z,690,210,0
3,82,2025-10-29T05:17:08.229Z,690,210,0
3,83,2025-10-29T05:17:08.245Z,690,210,0
3,84,2025-10-29T05:17:08.262Z,690,210,0
3,85,2025-10-29T05:17:08.279Z,690,210,0
3,86,2025-10-29T05:17:08.295Z,690,210,0
3,87,2025-10-29T05:17:08.312Z,690,210,0
3,88,2025-10-29T05:17:08.329Z,690,210,0
3,89,2025-10-29T05:17:08.346Z,690,210,0
3,90,2025-10-29T05:17:08.362Z,690,210,0
3,91,2025-10-29T05:17:08.379Z,690,210,0
3,92,2025-10-29T05:17:08.395Z,690,210,0
3,93,2025-10-29T05:17:08.412Z,700,211,0
3,94,2025-10-29T05:17:08.428Z,724,216,0
3,95,2025-10-29T05:17:08.445Z,791,228,0
3,96,2025-10-29T05:17:08.462Z,826,233,1
3,97,2025-10-29T05:17:08.478Z,864,239,1
3,98,2025-10-29T05:17:08.495Z,866,239,1
3,99,2025-10-29T05:17:08.512Z,866,239,1
3,100,2025-10-29T05:17:08.529Z,866,239,1
3,101,2025-10-29T05:17:08.545Z,866,239,1
3,102,2025-10-29T05:17:08.562Z,866,239,1
3,103,2025-10-29T05:17:08.578Z,866,239,1
3,104,2025-10-29T05:17:08.595Z,866,239,1
3,105,2025-10-29T05:17:08.612Z,866,239,1
3,106,2025-10-29T05:17:08.629Z,866,239,1
3,107,2025-10-29T05:17:08.645Z,866,239,1
3,108,2025-10-29T05:17:08.662Z,866,239,1
3,109,2025-10-29T05:17:08.678Z,866,239,1
3,110,2025-10-29T05:17:08.695Z,866,239,1
3,111,2025-10-29T05:17:08.712Z,866,239,1
3,112,2025-10-29T05:17:08.729Z,866,239,1
3,113,2025-10-29T05:17:08.746Z,866,239,1
3,114,2025-10-29T05:17:08.762Z,866,239,1
3,115,2025-10-29T05:17:08.779Z,866,239,1
3,116,2025-10-29T05:17:08.795Z,866,239,1
3,117,2025-10-29T05:17:08.812Z,866,239,1
3,118,2025-10-29T05:17:08.828Z,866,239,1
3,119,2025-10-29T05:17:08.845Z,866,239,1
4,0,2025-10-29T05:17:09.296Z,1106,203,0
4,1,2025-10-29T05:17:09.312Z,1120,202,0
4,2,2025-10-29T05:17:09.329Z,1125,202,0
4,3,2025-10-29T05:17:09.345Z,1128,202,0
4,4,2025-10-29T05:17:09.362Z,1129,202,0
4,5,2025-10-29T05:17:09.379Z,1129,202,0
4,6,2025-10-29T05:17:09.395Z,1129,202,0
4,7,2025-10-29T05:17:09.412Z,1131,201,0
4,8,2025-10-29T05:17:09.429Z,1136,199,0
4,9,2025-10-29T05:17:09.445Z,1156,196,0
4,10,2025-10-29T05:17:09.462Z,1169,196,0
4,11,2025-10-29T05:17:09.479Z,1202,192,0
4,12,2025-10-29T05:17:09.495Z,1221,192,0
4,13,2025-10-29T05:17:09.512Z,1250,192,0
4,14,2025-10-29T05:17:09.529Z,1261,190,0
4,15,2025-10-29T05:17:09.546Z,1274,188,0
4,16,2025-10-29T05:17:09.562Z,1277,187,0
4,17,2025-10-29T05:17:09.579Z,1277,187,0
4,18,2025-10-29T05:17:09.595Z,1277,187,0
4,19,2025-10-29T05:17:09.612Z,1277,187,0
4,20,2025-10-29T05:17:09.629Z,1277,187,0
4,21,2025-10-29T05:17:09.645Z,1277,187,0
4,22,2025-10-29T05:17:09.662Z,1277,187,0
4,23,2025-10-29T05:17:09.679Z,1277,187,0
4,24,2025-10-29T05:17:09.695Z,1283,185,0
4,25,2025-10-29T05:17:09.712Z,1302,183,0
4,26,2025-10-29T05:17:09.729Z,1342,181,0
4,27,2025-10-29T05:17:09.746Z,1361,181,0
4,28,2025-10-29T05:17:09.762Z,1370,181,0
4,29,2025-10-29T05:17:09.779Z,1370,181,0
4,30,2025-10-29T05:17:09.796Z,1370,181,0
4,31,2025-10-29T05:17:09.812Z,1370,181,0
4,32,2025-10-29T05:17:09.829Z,1370,181,0
4,33,2025-10-29T05:17:09.846Z,1370,181,0
4,34,2025-10-29T05:17:09.863Z,1370,181,0
4,35,2025-10-29T05:17:09.879Z,1370,181,0
4,36,2025-10-29T05:17:09.896Z,1370,181,0
4,37,2025-10-29T05:17:09.912Z,1370,181,0
4,38,2025-10-29T05:17:09.929Z,1370,181,0
4,39,2025-10-29T05:17:09.945Z,1370,181,0
4,40,2025-10-29T05:17:09.962Z,1370,181,0
4,41,2025-10-29T05:17:09.979Z,1370,181,0
4,42,2025-10-29T05:17:09.995Z,1370,181,0
4,43,2025-10-29T05:17:10.012Z,1370,181,0
4,44,2025-10-29T05:17:10.029Z,1370,181,0
4,45,2025-10-29T05:17:10.045Z,1370,181,0
4,46,2025-10-29T05:17:10.062Z,1370,181,0
4,47,2025-10-29T05:17:10.079Z,1370,181,0
4,48,2025-10-29T05:17:10.096Z,1370,181,0
4,49,2025-10-29T05:17:10.112Z,1370,181,0
4,50,2025-10-29T05:17:10.129Z,1370,181,0
4,51,2025-10-29T05:17:10.146Z,1370,181,0
4,52,2025-10-29T05:17:10.162Z,1370,181,0
4,53,2025-10-29T05:17:10.179Z,1370,181,0
4,54,2025-10-29T05:17:10.196Z,1370,181,0
4,55,2025-10-29T05:17:10.212Z,1370,181,0
4,56,2025-10-29T05:17:10.229Z,1370,181,0
4,57,2025-10-29T05:17:10.245Z,1370,181,0
4,58,2025-10-29T05:17:10.262Z,1370,181,0
4,59,2025-10-29T05:17:10.279Z,1370,181,0
4,60,2025-10-29T05:17:10.295Z,1370,181,0
4,61,2025-10-29T05:17:10.312Z,1370,181,0
4,62,2025-10-29T05:17:10.329Z,1370,181,0
4,63,2025-10-29T05:17:10.345Z,1370,181,0
4,64,2025-10-29T05:17:10.362Z,1368,182,0
4,65,2025-10-29T05:17:10.379Z,1328,192,0
4,66,2025-10-29T05:17:10.396Z,1306,194,0
4,67,2025-10-29T05:17:10.412Z,1258,203,0
4,68,2025-10-29T05:17:10.429Z,1234,207,0
4,69,2025-10-29T05:17:10.445Z,1180,214,0
4,70,2025-10-29T05:17:10.462Z,1154,216,0
4,71,2025-10-29T05:17:10.479Z,1103,216,0
4,72,2025-10-29T05:17:10.495Z,1084,218,0
4,73,2025-10-29T05:17:10.512Z,1062,218,1
4,74,2025-10-29T05:17:10.529Z,1058,218,1
4,75,2025-10-29T05:17:10.545Z,1058,218,1
4,76,2025-10-29T05:17:10.562Z,1058,218,1
4,77,2025-10-29T05:17:10.579Z,1058,218,1
4,78,2025-10-29T05:17:10.595Z,1058,218,1
4,79,2025-10-29T05:17:10.612Z,1058,218,1
4,80,2025-10-29T05:17:10.629Z,1058,218,1
4,81,2025-10-29T05:17:10.645Z,1058,218,1
4,82,2025-10-29T05:17:10.662Z,1058,218,1
4,83,2025-10-29T05:17:10.679Z,1058,218,1
4,84,2025-10-29T05:17:10.695Z,1058,218,1
4,85,2025-10-29T05:17:10.712Z,1058,218,1
4,86,2025-10-29T05:17:10.729Z,1058,218,1
4,87,2025-10-29T05:17:10.746Z,1058,218,1
4,88,2025-10-29T05:17:10.762Z,1058,218,1
4,89,2025-10-29T05:17:10.779Z,1058,218,1
4,90,2025-10-29T05:17:10.796Z,1058,218,1
4,91,2025-10-29T05:17:10.812Z,1058,218,1
4,92,2025-10-29T05:17:10.829Z,1058,218,1
4,93,2025-10-29T05:17:10.845Z,1058,218,1
4,94,2025-10-29T05:17:10.862Z,1058,218,1
4,95,2025-10-29T05:17:10.879Z,1058,218,1
4,96,2025-10-29T05:17:10.896Z,1058,218,1
4,97,2025-10-29T05:17:10.912Z,1058,218,1
4,98,2025-10-29T05:17:10.929Z,1058,218,1
4,99,2025-10-29T05:17:10.946Z,1058,218,1
4,100,2025-10-29T05:17:10.962Z,1058,218,1
4,101,2025-10-29T05:17:10.979Z,1058,218,1
4,102,2025-10-29T05:17:10.995Z,1058,218,1
4,103,2025-10-29T05:17:11.012Z,1058,218,1
4,104,2025-10-29T05:17:11.029Z,1058,218,1
4,105,2025-10-29T05:17:11.046Z,1058,218,1
4,106,2025-10-29T05:17:11.063Z,1058,218,1
4,107,2025-10-29T05:17:11.079Z,1058,218,1
4,108,2025-10-29T05:17:11.095Z,1058,218,1
4,109,2025-10-29T05:17:11.113Z,1058,218,1
4,110,2025-10-29T05:17:11.129Z,1058,218,1
4,111,2025-10-29T05:17:11.146Z,1058,218,1
4,112,2025-10-29T05:17:11.162Z,1058,218,1
4,113,2025-10-29T05:17:11.179Z,1058,218,1
4,114,2025-10-29T05:17:11.196Z,1058,218,1
4,115,2025-10-29T05:17:11.212Z,1058,218,1
4,116,2025-10-29T05:17:11.229Z,1058,218,1
4,117,2025-10-29T05:17:11.245Z,1058,218,1
4,118,2025-10-29T05:17:11.262Z,1058,218,1
4,119,2025-10-29T05:17:11.279Z,1058,218,1
4,120,2025-10-29T05:17:11.296Z,1058,218,1
5,0,2025-10-29T05:17:11.763Z,1058,218,1
5,1,2025-10-29T05:17:11.779Z,1058,218,1
5,2,2025-10-29T05:17:11.796Z,1058,218,1
5,3,2025-10-29T05:17:11.812Z,1058,218,1
5,4,2025-10-29T05:17:11.829Z,1058,218,1
5,5,2025-10-29T05:17:11.845Z,1058,218,1
5,6,2025-10-29T05:17:11.862Z,1058,218,1
5,7,2025-10-29T05:17:11.879Z,1058,218,1
5,8,2025-10-29T05:17:11.896Z,1058,218,1
5,9,2025-10-29T05:17:11.912Z,1058,218,1
5,10,2025-10-29T05:17:11.929Z,1058,218,1
5,11,2025-10-29T05:17:11.946Z,1058,218,1
5,12,2025-10-29T05:17:11.962Z,1058,218,1
5,13,2025-10-29T05:17:11.979Z,1058,218,1
5,14,2025-10-29T05:17:11.996Z,1058,218,1
5,15,2025-10-29T05:17:12.012Z,1058,218,1
5,16,2025-10-29T05:17:12.029Z,1058,218,1
5,17,2025-10-29T05:17:12.046Z,1058,218,1
5,18,2025-10-29T05:17:12.063Z,1058,218,1
5,19,2025-10-29T05:17:12.079Z,1058,218,1
5,20,2025-10-29T05:17:12.096Z,1058,218,1
5,21,2025-10-29T05:17:12.112Z,1058,218,1
5,22,2025-10-29T05:17:12.129Z,1058,218,1
5,23,2025-10-29T05:17:12.146Z,1058,218,1
5,24,2025-10-29T05:17:12.162Z,1058,218,1
5,25,2025-10-29T05:17:12.179Z,977,200,1
5,26,2025-10-29T05:17:12.196Z,860,184,1
5,27,2025-10-29T05:17:12.213Z,624,160,0
5,28,2025-10-29T05:17:12.229Z,535,149,0
5,29,2025-10-29T05:17:12.246Z,476,146,0
5,30,2025-10-29T05:17:12.262Z,476,146,0
5,31,2025-10-29T05:17:12.279Z,476,146,0
5,32,2025-10-29T05:17:12.296Z,476,146,0
5,33,2025-10-29T05:17:12.312Z,476,146,0
5,34,2025-10-29T05:17:12.329Z,476,146,0
5,35,2025-10-29T05:17:12.346Z,476,146,0
5,36,2025-10-29T05:17:12.362Z,476,146,0
5,37,2025-10-29T05:17:12.379Z,476,146,0
5,38,2025-10-29T05:17:12.396Z,476,146,0
5,39,2025-10-29T05:17:12.413Z,476,146,0
5,40,2025-10-29T05:17:12.429Z,476,146,0
5,41,2025-10-29T05:17:12.445Z,476,146,0
5,42,2025-10-29T05:17:12.463Z,476,146,0
5,43,2025-10-29T05:17:12.479Z,476,146,0
5,44,2025-10-29T05:17:12.495Z,476,146,0
5,45,2025-10-29T05:17:12.513Z,476,146,0
5,46,2025-10-29T05:17:12.530Z,476,146,0
5,47,2025-10-29T05:17:12.546Z,476,146,0
5,48,2025-10-29T05:17:12.563Z,476,146,0
5,49,2025-10-29T05:17:12.579Z,476,146,0
5,50,2025-10-29T05:17:12.596Z,476,146,0
5,51,2025-10-29T05:17:12.613Z,476,146,0
5,52,2025-10-29T05:17:12.629Z,476,146,0
5,53,2025-10-29T05:17:12.646Z,476,146,0
5,54,2025-10-29T05:17:12.663Z,476,146,0
5,55,2025-10-29T05:17:12.679Z,476,146,0
5,56,2025-10-29T05:17:12.696Z,476,146,0
5,57,2025-10-29T05:17:12.712Z,476,146,0
5,58,2025-10-29T05:17:12.729Z,476,146,0
5,59,2025-10-29T05:17:12.746Z,476,146,0
5,60,2025-10-29T05:17:12.762Z,476,146,0
5,61,2025-10-29T05:17:12.779Z,476,146,0
5,62,2025-10-29T05:17:12.796Z,476,146,0
5,63,2025-10-29T05:17:12.812Z,476,146,0
5,64,2025-10-29T05:17:12.829Z,476,146,0
5,65,2025-10-29T05:17:12.846Z,476,146,0
5,66,2025-10-29T05:17:12.862Z,476,146,0
5,67,2025-10-29T05:17:12.879Z,499,144,0
5,68,2025-10-29T05:17:12.896Z,523,142,0
5,69,2025-10-29T05:17:12.912Z,596,146,0
5,70,2025-10-29T05:17:12.929Z,642,152,0
5,71,2025-10-29T05:17:12.946Z,703,156,0
5,72,2025-10-29T05:17:12.962Z,720,158,0
5,73,2025-10-29T05:17:12.979Z,728,160,0
5,74,2025-10-29T05:17:12.996Z,733,160,0
5,75,2025-10-29T05:17:13.013Z,760,168,0
5,76,2025-10-29T05:17:13.029Z,787,170,0
5,77,2025-10-29T05:17:13.046Z,859,185,1
5,78,2025-10-29T05:17:13.063Z,886,192,1
5,79,2025-10-29T05:17:13.079Z,902,195,1
5,80,2025-10-29T05:17:13.096Z,902,195,1
5,81,2025-10-29T05:17:13.112Z,902,195,1
5,82,2025-10-29T05:17:13.130Z,902,195,1
5,83,2025-10-29T05:17:13.146Z,902,195,1
5,84,2025-10-29T05:17:13.162Z,902,195,1
5,85,2025-10-29T05:17:13.179Z,902,195,1
5,86,2025-10-29T05:17:13.196Z,902,195,1
5,87,2025-10-29T05:17:13.213Z,902,195,1
5,88,2025-10-29T05:17:13.229Z,902,195,1
5,89,2025-10-29T05:17:13.246Z,902,195,1
5,90,2025-10-29T05:17:13.263Z,902,195,1
5,91,2025-10-29T05:17:13.279Z,902,195,1
5,92,2025-10-29T05:17:13.296Z,902,195,1
5,93,2025-10-29T05:17:13.313Z,902,195,1
5,94,2025-10-29T05:17:13.329Z,902,195,1
5,95,2025-10-29T05:17:13.346Z,902,195,1
5,96,2025-10-29T05:17:13.363Z,902,195,1
5,97,2025-10-29T05:17:13.379Z,902,195,1
5,98,2025-10-29T05:17:13.396Z,902,195,1
5,99,2025-10-29T05:17:13.412Z,902,195,1
5,100,2025-10-29T05:17:13.429Z,902,195,1
5,101,2025-10-29T05:17:13.446Z,902,195,1
5,102,2025-10-29T05:17:13.463Z,921,183,1
5,103,2025-10-29T05:17:13.479Z,935,175,1
5,104,2025-10-29T05:17:13.496Z,949,168,1
5,105,2025-10-29T05:17:13.512Z,952,167,1
5,106,2025-10-29T05:17:13.529Z,954,166,1
5,107,2025-10-29T05:17:13.546Z,954,166,1
5,108,2025-10-29T05:17:13.562Z,954,166,1
5,109,2025-10-29T05:17:13.579Z,954,166,1
5,110,2025-10-29T05:17:13.596Z,954,166,1
5,111,2025-10-29T05:17:13.612Z,954,166,1
5,112,2025-10-29T05:17:13.629Z,954,166,1
5,113,2025-10-29T05:17:13.646Z,954,166,1
5,114,2025-10-29T05:17:13.663Z,954,166,1
5,115,2025-10-29T05:17:13.679Z,954,166,1
5,116,2025-10-29T05:17:13.696Z,954,166,1
5,117,2025-10-29T05:17:13.712Z,954,166,1
5,118,2025-10-29T05:17:13.729Z,954,166,1
5,119,2025-10-29T05:17:13.746Z,954,166,1